patient_id,first_name,last_name,dob,phone_number
d5e32b49-59d3-42bc-af51-a44be394a028,Lance,Lewis,1996-04-06,6829340503
f81c8ce4-7d0b-4cea-8f24-bc7dbd49a085,Laura,Hall,1960-01-30,927.449.8803
4d39ff4f-cc5e-4199-902e-2a20edb8a9b7,David,Guzman,1979-02-25,001-796-248-0406x15433
d0576405-dc46-4996-8ecf-185fcec0bddf,Jason,Brooks,2000-06-11,297-635-7715
32c0a107-13c5-4a3b-8c94-d540928cbd7f,Angela,Sparks,1966-10-30,001-868-547-8305x66252
f343a025-02ae-4568-940e-2d7c086fec17,Veronica,Cruz,1962-04-14,+1-507-538-6944x75555
d55c68b7-f9d3-4b9f-93f0-0f8e64574220,Erin,Blackwell,1953-07-21,+1-792-333-0261x98045
4581c667-e6d8-4cc0-8614-fa913cac1b37,Edward,Williams,1934-12-28,+1-623-482-8582x47064
9f9435a0-bbb2-414f-8b85-f50af589520d,Mark,Bridges,1944-01-03,726-971-3133
5d959e1d-8a1e-43bb-9f3c-dd7fcb0821c0,Lori,Morgan,2003-07-12,8124663841
11ef7cd3-8c05-4df2-9294-a8144dba703b,Veronica,Curry,2007-05-06,351.299.4632x1524
2aa6b5cb-f605-48ff-ae17-2fa01cfd8b59,Laura,Russell,1944-01-23,+1-226-455-0271x835
fcdf0267-55a5-4738-8889-b5cc3a4c5c38,Jeffrey,Gibson,1941-01-04,+1-795-698-4388x8975
61129296-428a-4693-b6aa-e5eb6e5ea074,Lindsey,Crawford,1982-02-22,571.271.6906x076
131b595d-5f19-4b02-bd7d-e8a9e68cccbc,Carl,Merritt,1944-07-13,001-223-585-6755x133
549f9077-f508-4db0-b4aa-5426c5422097,Kristina,Burns,1971-11-15,920-499-4946
a82fac67-6dcb-4bb1-9fc3-4be918834e35,Michael,Berg,1974-01-25,(749)548-5398x43160
478834e4-6fa7-4796-bd33-6eb5721594a9,William,Dyer,2007-06-19,001-212-711-2823
69ff92df-a947-484e-b577-3b50604f02bc,Jessica,Erickson,1944-08-20,+1-592-868-8682x44050
ac206bd7-4ce8-457b-887a-318bc12e054c,Christopher,White,1953-12-04,441.745.3061x783
b3658a8d-3b70-42e4-9eac-64c32fea016a,Stephen,Ortiz,1936-03-19,652-799-2623x98879
0eededb3-fb04-45cf-986e-6cb1dd8dddf8,Paige,Hampton,1964-11-29,001-355-629-9555x564
c1fccf39-d723-4f80-beac-4c5de2b446fd,Taylor,Brown,1942-09-06,882.717.1947
1239c566-b7b3-4cfd-9aa9-ff8ab8fbe236,Heather,Oconnor,1985-07-20,460.563.5598
579eb55b-a801-4cf5-bec4-27cb9ab78ead,Charles,Morris,1943-10-13,831-911-2918
745466f2-bfba-49b3-8c5c-883c763ca4f5,Garrett,Sullivan,2006-05-23,+1-962-774-1360x29327
285aba58-7c7e-424f-bd4f-6ce0560ccd97,Brian,West,1941-04-10,314-331-4158x5756
09425b40-f7ef-4abf-8269-9a1d3c391ea2,Steven,Anderson,1943-10-27,+1-628-798-6152x63668
f12d8c66-979f-4552-91ab-18a0da5fc5fe,Marc,Lewis,1960-12-25,793-255-8499x0124
0209cd64-c0aa-4dc8-b0d6-917b9faabb19,Christopher,Nixon,1942-11-20,607.481.8867x17309
63d2eb35-dd86-4be0-a182-bea6eb94514d,Trevor,Guerrero,1943-05-07,(836)250-4575
c803cfca-f07d-41f3-983d-103160f2e47f,Sarah,Kelly,1968-08-31,(922)590-3609
15f22560-6b06-4e50-aee6-1b970eb343df,Jill,Kaiser,1984-01-16,+1-591-921-3910x884
f37eefee-9836-48f5-a1c6-c6e14b4c5b18,Heather,Davis,1965-11-28,(389)709-8211x890
e3bc01f1-2e75-4b60-bcb4-fbd088727dc3,Christine,Barry,1990-11-08,817-295-6107
95a46d96-9fbc-4c6d-a9e5-70c653fc5d14,Marilyn,Cruz,1974-05-31,876-529-7498x25153
a6e29aa0-5bd2-42e9-aeb4-47d549466f7c,Amanda,Butler,1964-11-23,7287910970
53b5615b-d471-4ac5-9161-3d6a5230aa02,Tyrone,Smith,2005-06-23,408.641.8006x11875
b1f141a7-d5a7-4876-896b-a892a6fe0cb3,Brandon,Dawson,1944-11-27,222.590.6397
d12f41f4-9c79-4ad2-8d2d-c19913d9c6e3,Tiffany,Diaz,1954-05-08,307.573.2539x52154
8d413dc0-08d8-4f6a-b9e0-6b82a0513e50,Crystal,Hudson,1936-07-20,(397)343-2098x576
89842ebd-225a-482a-90a6-c926fa8b70bd,Amy,Sullivan,1955-06-15,+1-599-730-7584x8330
d49695c1-5a25-4e1a-96d8-372a263cf6eb,Krystal,Graves,1979-09-16,(331)682-1389x1580
1ce0d89f-59f4-4a75-b861-d0bd9820a394,Joseph,Lynch,1962-10-08,+1-210-664-0887x674
d9ef892b-d90e-4661-a26f-9634d9abf16d,Charlotte,Miller,1998-01-04,(394)449-2020x009
0434ab9b-1aa5-4e08-9fd1-51026155ce5d,Sandra,Carson,1945-09-27,+1-374-450-8580x694
43782548-a3b8-45bf-904b-4a5610415925,Gabriella,Stewart,1963-01-25,001-244-214-3693
71fed21c-7dd5-48dd-8e65-d3adc6b72b3d,Antonio,Hampton,1980-06-28,001-415-582-0305x126
28a9e6d4-4bc2-4032-b05d-cdad926baa9d,Amanda,Villa,1945-03-16,745-419-1452x8890
72062d0c-99a1-4b31-89ba-8b7a0cd27a00,Nathaniel,Johnson,1943-07-14,001-675-757-9052x99132
